{"cameraMode":{"drawMode":0,"name":"Shaded","section":"Shading Mode"},"sceneLighting":true,"audioPlay":false,"sceneViewState":{"showFog":true,"showMaterialUpdate":false,"showSkybox":true,"showFlares":true,"showImageEffects":true,"showParticleSystems":true},"in2DMode":false,"pivot":{"x":0.022020697593688966,"y":0.3121410012245178,"z":-0.14651858806610108},"rotation":{"x":0.4464828670024872,"y":-0.4455847144126892,"z":0.2740481197834015,"w":0.7259518504142761},"size":0.8205251097679138,"orthographic":false}