{"cameraMode":{"drawMode":0,"name":"Shaded","section":"Shading Mode"},"sceneLighting":true,"audioPlay":false,"sceneViewState":{"showFog":true,"showMaterialUpdate":false,"showSkybox":true,"showFlares":true,"showImageEffects":true,"showParticleSystems":true},"in2DMode":false,"pivot":{"x":0.3959820568561554,"y":0.9173001646995544,"z":0.42572665214538576},"rotation":{"x":0.1657385379076004,"y":-0.3323567807674408,"z":0.05945088341832161,"w":0.9265778660774231},"size":0.5129954814910889,"orthographic":true}